Date,Content
2024-05-02,https://boxd.it/5f0rDT
2024-11-10,https://boxd.it/7LgIRp
2024-11-12,https://boxd.it/7MuGCJ
2024-11-26,https://boxd.it/1DXMNR
2024-12-08,https://boxd.it/7VWFzV
2025-01-06,https://boxd.it/8bkmO1
2025-01-12,https://boxd.it/8qlOEl
2025-01-26,https://boxd.it/8A4s05
2025-02-07,https://boxd.it/8KMJ4h
2025-02-18,https://boxd.it/8QCPwv
2025-02-28,https://boxd.it/8XWhY9
2025-03-05,https://boxd.it/914909
2025-03-09,https://boxd.it/94jxaJ
2025-03-19,https://boxd.it/9aviBX
2025-04-02,https://boxd.it/9hkISV
2025-04-13,https://boxd.it/9otykb
2025-04-15,https://boxd.it/9paVHj
2025-04-22,https://boxd.it/9rPblr
2025-04-27,https://boxd.it/9wYiov
2025-05-09,https://boxd.it/9E0Gld
2025-05-09,https://boxd.it/9CYmwd
2025-05-11,https://boxd.it/9F4sxh
2025-05-22,https://boxd.it/4vK0bB
2025-05-22,https://boxd.it/9LpezJ
2025-05-22,https://boxd.it/9KmPQn
2025-05-22,https://boxd.it/9JlaUd
2025-06-08,https://boxd.it/9O37tn
2025-06-08,https://boxd.it/9Tc6an
2025-06-10,https://boxd.it/9WpO4V
2025-06-10,https://boxd.it/9UMRX3
2025-06-16,https://boxd.it/a10vWp
2025-06-18,https://boxd.it/a1Lpzt
2025-06-18,https://boxd.it/a1RdxR
2025-06-18,https://boxd.it/a1RpNn
2025-06-18,https://boxd.it/a2q60h
2025-06-24,https://boxd.it/a5DajP
2025-06-24,https://boxd.it/a4kGEN
2025-06-29,https://boxd.it/a8U5Ct
2025-07-03,https://boxd.it/acgef5
2025-07-03,https://boxd.it/acmLAn
2025-07-05,https://boxd.it/ad2A95
2025-07-08,https://boxd.it/af7ZIn
2025-07-08,https://boxd.it/afvc8D
2025-07-12,https://boxd.it/ahYrbD
2025-07-16,https://boxd.it/akUIrx
2025-07-16,https://boxd.it/alLF97
2025-07-18,https://boxd.it/an9Qc9
2025-07-28,https://boxd.it/atLItr
2025-07-31,https://boxd.it/axf0bP
2025-08-01,https://boxd.it/ayieMP
2025-08-05,https://boxd.it/azkIYJ
2025-08-07,https://boxd.it/aCyEvD
2025-08-09,https://boxd.it/aETZcx
2025-08-13,https://boxd.it/aIcAfr
2025-08-19,https://boxd.it/aLspG1
2025-08-19,https://boxd.it/aM2XlD
2025-08-19,https://boxd.it/aMK2k7
2025-08-27,https://boxd.it/aRvFSH
2025-08-27,https://boxd.it/aRIJX3
2025-08-30,https://boxd.it/aSXRuH
2025-08-30,https://boxd.it/aSltUF
2025-09-02,https://boxd.it/aVQI5L
2025-09-04,https://boxd.it/aX52pt
2025-09-11,https://boxd.it/b253J5
2025-09-14,https://boxd.it/b2KUJT
2025-09-16,https://boxd.it/b4Cnmp
2025-09-16,https://boxd.it/b50Y4P
2025-09-18,https://boxd.it/b6bTIh
2025-09-18,https://boxd.it/b6bVXN
2025-09-25,https://boxd.it/ba3MJ3
2025-09-25,https://boxd.it/ba3LCF
2025-10-03,https://boxd.it/bd6gmJ
2025-10-06,https://boxd.it/427GLH
2025-10-06,https://boxd.it/44bbN9
2025-10-06,https://boxd.it/bfZvBn
2025-10-06,https://boxd.it/bebDkv
2025-10-08,https://boxd.it/biGZhL
2025-10-23,https://boxd.it/bscC5R
2025-10-26,https://boxd.it/btfaKn
2025-10-29,https://boxd.it/bvg2Gd
2025-11-07,https://boxd.it/bB9Ltj
2025-11-07,https://boxd.it/bB8hhZ
2025-11-07,https://boxd.it/bAqiYd
2025-11-07,https://boxd.it/bAqdTx
2025-11-12,https://boxd.it/bFRlIh
2025-11-13,https://boxd.it/bH9CwH
2025-11-19,https://boxd.it/bLntBd
2025-11-19,https://boxd.it/bLdju7
2025-11-19,https://boxd.it/bKHB5P
2025-11-19,https://boxd.it/bKsfk9
2025-11-19,https://boxd.it/bJOdQ3
2025-11-19,https://boxd.it/bJGzBt
2025-11-19,https://boxd.it/bIY4DP
2025-11-25,https://boxd.it/bPIsZ7
2025-11-25,https://boxd.it/bO1KVx
2025-11-30,https://boxd.it/bQnQNh
2025-12-09,https://boxd.it/bWM5o9
2025-12-09,https://boxd.it/bWM0Kz
2025-12-11,https://boxd.it/bZDH6h
2025-12-11,https://boxd.it/c04tcJ
2025-12-12,https://boxd.it/c0U28J
2025-12-14,https://boxd.it/c1Hl3r
2025-12-17,https://boxd.it/c4kf37
2025-12-17,https://boxd.it/c4mMKd
2025-12-17,https://boxd.it/c5i4lp
2025-12-17,https://boxd.it/c5jPod
2025-12-18,https://boxd.it/c63DGr
2025-12-26,https://boxd.it/ce6gVL
2025-12-26,https://boxd.it/cciUuB
2025-12-26,https://boxd.it/cciM75
2025-12-26,https://boxd.it/cbuyit
2026-01-08,https://boxd.it/cuOQnx
2026-01-10,https://boxd.it/cw2XzR
2026-01-13,https://boxd.it/czkBl7
2026-01-13,https://boxd.it/czky8f
2026-01-14,https://boxd.it/cD2On1
2026-01-14,https://boxd.it/bHV5Tp
2026-01-14,https://boxd.it/ceA379
2026-01-16,https://boxd.it/cEUxiP
2026-01-18,https://boxd.it/cFN025
2026-01-21,https://boxd.it/cKqiSH
2026-01-21,https://boxd.it/cKsmDb
2026-01-26,https://boxd.it/cOBrWh
2026-01-27,https://boxd.it/cPOXBF
2026-01-27,https://boxd.it/9sAPQN
2026-01-27,https://boxd.it/cE8f7t
2026-01-28,https://boxd.it/cQYspH
2026-01-28,https://boxd.it/cR46IT
2026-01-29,https://boxd.it/cRXFNz
2026-01-29,https://boxd.it/cRT27B
2026-01-29,https://boxd.it/cRImC3
2026-02-01,https://boxd.it/cVJa1d
2026-02-03,https://boxd.it/cX3KE5
2026-02-04,https://boxd.it/cYNsZP
2026-02-11,https://boxd.it/d3PUCN
2026-02-12,https://boxd.it/d52yhj
2026-02-12,https://boxd.it/d52pUr
2026-02-22,https://boxd.it/deHnmv
2026-02-22,https://boxd.it/dcq19R
